Name,enter_date,previous_school,new_school
JACOB BEBBER,2025-05-14,Emory & Henry University,
NATHAN CAMPOS-JARAMILLO,2025-05-14,"California State University, San Marcos",
SPENCER ANDERSON,2025-05-14,"California State University, San Marcos",
IAN LEMUS,2025-05-14,Adams State University,
JACE WEEMS,2025-05-14,Missouri Western State University,
JAYSON SHORB,2025-05-14,Missouri Western State University,
GARRETT REDE,2025-05-14,Regis University (Colorado),
TYLER TIEDEMAN,2025-05-14,Regis University (Colorado),
MARK KATTULA,2025-05-14,University of Illinois Springfield,
NATHAN GRAY,2025-05-14,University of Hawaii at Hilo,
GABRIEL RODRIGUEZ,2025-05-14,Metropolitan State University of Denver,
KANNON WALKER,2025-05-14,University of Illinois Springfield,
LOGAN BARTLETT,2025-05-14,Washburn University,
ETHAN ALEXANDER,2025-05-14,Washburn University,
ROBERT JACOBSEN,2025-05-14,Queens College (New York),
DAMON INGRAM,2025-05-14,Saint Martin's University,
GARRETT PAYNE,2025-05-14,Barton College,
JOSEPH TORRES,2025-05-14,Dominican University New York,
HUNTER THOMPSON,2025-05-14,University of South Carolina Aiken,
RYAN YINGST,2025-05-14,Tiffin University,
RONAN HELLA,2025-05-14,"University of Colorado, Colorado Springs",
TRAVIS GRECO,2025-05-14,American International College,
ALEXANDER TRONOSKY,2025-05-14,Barton College,
NOAH MURCIANO,2025-05-14,Wayne State University (Michigan),
CHRISTIAN ESTEP,2025-05-14,University of Central Oklahoma,
SAMUEL ODUM,2025-05-14,Barton College,
MIGUEL PADRON,2025-05-14,Lincoln University (Missouri),
PAYTON JERNIGAN,2025-05-14,Chowan University,
ANDREW YANEZ,2025-05-14,Queens College (New York),
LOGAN DICHLER,2025-05-14,Saint Leo University,
MATTHEW MATEO,2025-05-14,Quincy University,
THOMAS GOLDBERG,2025-05-14,Wingate University,
STEVEN DEVORE,2025-05-14,Wingate University,
ALEX NAYLOR,2025-05-14,Wingate University,
ALLEN LEITNER,2025-05-14,University of Wisconsin-Parkside,
SALVADOR HERNANDEZ,2025-05-14,Adams State University,
COLBY SEELIG,2025-05-14,Chestnut Hill College,
SAMUEL RUSSO,2025-05-14,Pittsburg State University,
TY HOLLANDSWORTH,2025-05-14,University of Illinois Springfield,
CHRISTOPHER POLEMENI,2025-05-14,College of Staten Island,
FINLEY BUNCH,2025-05-14,Northeastern State University,
HENRY CARBONE,2025-05-14,Southern New Hampshire University,
BRIAN ZWEIGBAUM,2025-05-14,Post University,
JARED HUSE,2025-05-14,University of South Carolina Aiken,
GARRETT OSWALD,2025-05-14,University of Sioux Falls,
RILEY ORR,2025-05-14,Auburn University at Montgomery,
DERICK LEOCADIO,2025-05-14,Bloomfield College,
NICOLAS ELY,2025-05-14,Newman University,
MICAH KOBUSZEWSKI,2025-05-14,Newman University,
SUTTON TITSWORTH,2025-05-14,Newman University,
PRESTON HALL-POINTER,2025-05-14,Benedict College,
ZACHARY DANIELCZYK,2025-05-14,University of Tampa,
DANIEL BARCENA,2025-05-14,Francis Marion University,
WILLIAM FIFE,2025-05-14,Emmanuel University (Georgia),
JOSHUA PRIEST,2025-05-14,Emmanuel University (Georgia),
REECE DAVIS,2025-05-14,Kentucky Wesleyan College,
PEYTON JEMISON,2025-05-14,Mercy University,
WILLIAM MELBY JR.,2025-05-14,University of Indianapolis,
JOEL MARTINEZ,2025-05-13,"California State University, Los Angeles",
ISAIAH MARQUEZ,2025-05-13,"California State University, Los Angeles",
CHRISTOPHER RAIMONDA,2025-05-13,Felician University,
DYLAN UNANGST,2025-05-13,"California State University, San Marcos",
DAVID ALLEN,2025-05-14,"California State Polytechnic University, Pomona",
DYLAN SCHUMACHER,2025-05-13,"California State University, Dominguez Hills",
MALIK CLAYTON,2025-05-13,"California State University, Los Angeles",
CHRISTOPHER ALVAREZ,2025-05-13,Point Park University,
KAYNAN KAKU JR.,2025-05-13,Western Oregon University,
TAEHYUNG KIM,2025-05-13,St. Cloud State University,
HUNTER BOOTH,2025-05-14,Valdosta State University,
DEVIN BLAYNEY,2025-05-13,Northeastern State University,
DANE SAMARTINO,2025-05-13,Indiana University of Pennsylvania,
KYLE MANSHIP,2025-05-13,Quincy University,
SAMARION WARD,2025-05-13,Tuskegee University,
JORDAN STROUD,2025-05-13,Emmanuel University (Georgia),
JAMIN SMITH,2025-05-13,Emmanuel University (Georgia),
PIERCE EVANS,2025-05-14,Wingate University,
BRANDON CAHILL,2025-05-13,Walsh University,
FRANCIS DEMARO III,2025-05-13,Southern New Hampshire University,
NICHOLAS DYER,2025-05-13,Quincy University,
AIKEN MINTON,2025-05-13,University of Mount Olive,
DIEGO MURILLO,2025-05-13,Northeastern State University,
JOSIAH HALL,2025-05-13,Adams State University,
BRADEN WATKINS,2025-05-13,Adams State University,
JUSTIN WEAVER,2025-05-13,Gannon University,
ALBERT ESPINOSA,2025-05-14,Barry University,
NATHANIEL WACHTER,2025-05-13,Southern New Hampshire University,
LEONEL GARCIA,2025-05-13,Edward Waters University,
KIEFER MCGRATH,2025-05-14,Post University,
TAD GIARDINA,2025-05-13,Saint Michael's College,
MICHAEL LARSON,2025-05-13,Christian Brothers University,
WYATT ISHII,2025-05-13,Saint Martin's University,
CAYDEN BROWN,2025-05-13,Washburn University,
KYLE MICKLUS,2025-05-14,West Texas A&M University,
WILLIAM EICH,2025-05-14,Barry University,
ALEJANDRO GONZALEZ,2025-05-13,Holy Family University,
BRADY NELSON,2025-05-13,St. Cloud State University,
LANDON ARMSTRONG,2025-05-13,Georgia College,
BRAXTON JONES,2025-05-13,Northeastern State University,
HUDSON WESNEY,2025-05-13,Wheeling University,
XAVIER SANCHEZ,2025-05-13,Northeastern State University,
SHANE SONGER,2025-05-13,Ouachita Baptist University,
LOGAN WISE,2025-05-13,University of South Carolina Aiken,
JACKSON MARSHALL,2025-05-13,Southern New Hampshire University,
JACOB JEWETT,2025-05-13,Indiana University of Pennsylvania,
ALEXANDER GILLIG,2025-05-13,Newman University,
BRENDAN CLARKE,2025-05-13,Saint Leo University,
GRANT CARLTON,2025-05-13,Saint Leo University,
IAN MURPHY,2025-05-13,Barton College,
WYATT HOFFMAN,2025-05-14,Wingate University,
LANDON MEYER,2025-05-14,Wingate University,
EVAN BAREFOOT,2025-05-14,Wingate University,
NICHOLAS DAVIDSON,2025-05-13,Columbus State University,
IRVIN FISHER,2025-05-14,Wingate University,
LUIS AYALA,2025-05-13,Fort Hays State University,
COATES MASSEY,2025-05-13,Columbus State University,
BRODY YEOMANS,2025-05-13,University of South Carolina Aiken,
QUINTIN BRYAN,2025-05-14,Wingate University,
GARRETT TELAGA,2025-05-13,Columbus State University,
TALAN MCCONNELL,2025-05-14,Wingate University,
VINCENT GIAMBONA,2025-05-13,Dominican University New York,
AUSTIN TRUMPOUR,2025-05-13,Southern New Hampshire University,
ROBERT MANSOUR,2025-05-12,Colorado State University Pueblo,
ETHAN SCHIMONY,2025-05-12,Indiana University of Pennsylvania,
KYLE BYRNE,2025-05-12,Drury University,
CHRISTIAN PEREZ,2025-05-12,Eckerd College,
JORDAN ALZATE,2025-05-12,Eckerd College,
JAMES WHITMAN,2025-05-12,Biola University,
LANDON ROWLAND,2025-05-12,Menlo College,
RYAN JURIC,2025-05-12,"California State University, East Bay",
DAVID HELLER,2025-05-13,St. Mary's University (Texas),
DWIGHT BANKS JR,2025-05-12,Valdosta State University,
HAYDEN PRIEST,2025-05-12,Washburn University,
PAYTON MCHARG,2025-05-12,Washburn University,
JETT BUCK,2025-05-12,Washburn University,
COOPER CARLGREN,2025-05-12,Washburn University,
CASH JAY,2025-05-12,Washburn University,
TREY WINGET,2025-05-12,"California State University, Dominguez Hills",
ABRAHAM MAURER,2025-05-12,Quincy University,
RAYTH PETERSEN,2025-05-12,Francis Marion University,
JORDAN TOWNLEY,2025-05-12,"California State University, San Marcos",
ETHAN STEPHENS,2025-05-12,Florida Institute of Technology,
CAMDEN KEARNEY,2025-05-12,University of Wisconsin-Parkside,
JACOB YORK,2025-05-12,University of Wisconsin-Parkside,
VICTOR JOHNSON,2025-05-13,Virginia State University,
MAXIMUS MORENO,2025-05-12,Newman University,
JOSH BECK,2025-05-12,Florida Institute of Technology,
NOAH KARLINER,2025-05-12,"California State University, Dominguez Hills",
CHARLES MOSSER,2025-05-12,Northwest Missouri State University,
ROBERT GORLING,2025-05-12,Colorado School of Mines,
CAMDEN MATTHEWS,2025-05-12,Miles College,
JON SHIELDS,2025-05-12,Embry-Riddle Aeronautical University (Florida),
GABRIEL WUERTH,2025-05-12,Georgia College,
RYAN HONS,2025-05-14,"Pennsylvania Western University, Clarion",
ELDER MALDONADO,2025-05-13,Bloomfield College,
KADE DOUGLAS,2025-05-12,Colorado State University Pueblo,
TYLER BYRNS,2025-05-12,San Francisco State University,
DALEN JENSEN,2025-05-12,Northwestern Oklahoma State University,
ROGER GARCIA,2025-05-12,Holy Family University,
ANTHONY MITTA,2025-05-12,University of Mount Olive,
BRADEN SMITH,2025-05-12,Maryville University of Saint Louis,
COOPER WALKOFF,2025-05-12,Missouri Southern State University,
TRAYCE MERCER,2025-05-12,Ohio Dominican University,
BRAYDEN JACOBSON,2025-05-12,St. Cloud State University,
RYAN MARKWARDT,2025-05-13,Lubbock Christian University,
MURRAY JOHNSON,2025-05-12,Newberry College,
JOHN HEDRICK,2025-05-12,University of South Carolina Aiken,
CALEB WALKER,2025-05-12,Augustana University (South Dakota),
HUNTER NOLAN,2025-05-12,University of Alabama in Huntsville,
BROCK LARSEN,2025-05-12,"University of Minnesota, Crookston",
MURCHAEL TURNER,2025-05-14,Barry University,
GAGE WILLIAMS,2025-05-12,Northeastern State University,
COLE HUDDLESTON,2025-05-12,Flagler College,
COLTON AYRES,2025-05-12,Northeastern State University,
JACOB PEARL,2025-05-13,University of Montevallo,
MICHAEL ALVAREZ,2025-05-12,Quincy University,
KEVIN MEBIL,2025-05-14,Barry University,
NICHOLAS TADDEI,2025-05-12,University of South Carolina Aiken,
CONNOR CROWSON,2025-05-13,University of Montevallo,
MALIK FOSTER,2025-05-13,Barry University,
ELIUD POVENTUD,2025-05-12,University of South Carolina Aiken,
JASE SCHUELLER,2025-05-13,Lubbock Christian University,
MICHAEL DENNIS,2025-05-12,University of South Carolina Aiken,
LUKE NORMAN,2025-05-12,University of South Carolina Aiken,
PATRICK GREEN,2025-05-12,Trevecca Nazarene University,
DEREK ESPINOZA,2025-05-12,University of South Carolina Aiken,
CADEN BOUKNIGHT,2025-05-12,University of South Carolina Aiken,
SETH GURR,2025-05-13,University of Montevallo,
EVAN MCCARTHY,2025-05-12,Assumption University,
JAMISON HOWLAND,2025-05-12,Assumption University,
ZACHARY CARLISLE,2025-05-13,University of Montevallo,
TYRUS RILEY,2025-05-13,Fort Hays State University,
ROBERT RENDON,2025-05-12,Eastern New Mexico University,
DREW KNIGHT,2025-05-12,Emmanuel University (Georgia),
BLAYNE NEWMAN,2025-05-12,University of South Carolina Aiken,
JACK HOBSON,2025-05-12,University of South Carolina Aiken,
ORLANDO PENA,2025-05-13,Valdosta State University,
JACK SATINOFF,2025-05-12,Trevecca Nazarene University,
CONNER CLARK,2025-05-12,The University of Texas Permian Basin,
TRISTAN HUNT,2025-05-12,Coker University,
BRADLEY MORRIS,2025-05-12,Menlo College,
AJAY JONES,2025-05-12,Shorter University,
BRAYDEN GILSON,2025-05-12,Newberry College,
CAMERON HANCOCK,2025-05-11,Emmanuel University (Georgia),
HUDSON MORGAN,2025-05-13,University of South Carolina Beaufort,
RYAN SCOTT,2025-05-12,Mansfield University of Pennsylvania,
SETH STARGELL,2025-05-11,Albany State University (Georgia),
JACK DWYER,2025-05-10,St. Thomas Aquinas College,
LORENT HOTI,2025-05-10,St. Thomas Aquinas College,
BENJAMIN GREGORY,2025-05-10,Maryville University of Saint Louis,
GAVYN SCHACHER,2025-05-10,Maryville University of Saint Louis,
BRAEDEN SMITH,2025-05-10,Georgia College,
KODY DANEAULT,2025-05-10,Flagler College,
"JEFFREY FABIAN, JR.",2025-05-10,West Virginia State University,
LOGAN GROFF,2025-05-09,University of Hawaii at Hilo,
MATTHEW ROMERO,2025-05-09,"California State University, San Bernardino",
CARLOS PEREZ,2025-05-09,University of Hawaii at Hilo,
GAVIN HUNT,2025-05-09,Azusa Pacific University,
GABRIEL JACOBS,2025-05-09,Azusa Pacific University,
EVAN NICOL,2025-05-09,Saint Martin's University,
MASEN MCDONNELL,2025-05-09,"California State University, San Marcos",
DANIEL IRIZARRY,2025-05-10,University of Montevallo,
KENDALL PYATT,2025-05-09,"California State University, San Marcos",
NICHOLAS CHASEY,2025-05-10,Newman University,
FRAN MONTANEZ,2025-05-12,Newman University,
JACK KISER,2025-05-09,Newman University,
AIDAN JONES,2025-05-09,Southwest Baptist University,
RYAN CAMACHO,2025-05-10,West Texas A&M University,
ANGEL RIVERA,2025-05-10,Barry University,
EMMANUEL PENAGERVACIO,2025-05-10,West Texas A&M University,
RODRIC BLACK,2025-05-10,West Texas A&M University,
JOVAN CAMACHO,2025-05-10,West Texas A&M University,
THOMAS EALEY,2025-05-10,Virginia State University,
LUKE GOODWIN,2025-05-09,Indiana University of Pennsylvania,
JACQUES WALKER,2025-05-10,University of South Carolina Beaufort,
WILLIAM MAHONEY,2025-05-09,Savannah State University,
MICHAEL ACIERNO,2025-05-09,Fort Hays State University,
CHASE HAMILTON,2025-05-09,Northwestern Oklahoma State University,
ALFREDO GONZALEZ,2025-05-09,Caldwell University,
CONNER ADAMS,2025-05-09,Mansfield University of Pennsylvania,
LUKE RAHO,2025-05-09,Mansfield University of Pennsylvania,
HUNTER SMITH,2025-05-09,Mansfield University of Pennsylvania,
KYLE KIERNAN,2025-05-09,Eastern New Mexico University,
PIERCE GLADING,2025-05-10,Valdosta State University,
LEONARDO VAZQUEZ,2025-05-10,Barry University,
DOMINIC TETTA,2025-05-09,Saint Michael's College,
DAVID BROWN,2025-05-09,Oklahoma Christian University,
ERIK ROSAS,2025-05-09,University of Mount Olive,
COLBIE HOWELL,2025-05-09,University of Mount Olive,
PEYTON DEHAVEN,2025-05-10,Concord University,
FELIX ARROYO,2025-05-10,Barry University,
DYLAN ROSE,2025-05-10,Barry University,
NICHOLAS MASON,2025-05-09,Chowan University,
CHRISTIAN PETINO JR,2025-05-09,Caldwell University,
JUAN GUARDADO,2025-05-09,Benedict College,
QUINN GUNDELFINGER,2025-05-09,Missouri Western State University,
GRIFFIN SHEARON,2025-05-10,Minot State University,
BRADY DUNLOP,2025-05-09,Barton College,
ANDERS JOHANSSON,2025-05-09,Barton College,
TYLER MCCLANAHAN,2025-05-09,Flagler College,
CARSON MCFARLIN,2025-05-09,Flagler College,
BRODERICK RAY,2025-05-08,Emory & Henry University,
ANDREW SILER,2025-05-08,Tiffin University,
RYAN SEKULSKI,2025-05-08,Mansfield University of Pennsylvania,
COLE SERFASS,2025-05-08,Mansfield University of Pennsylvania,
HUNTER BROWN,2025-05-08,Newman University,
TRENTON TRAMMELL,2025-05-08,Newman University,
OWEN MASLOWSKI,2025-05-08,University of Wisconsin-Parkside,
CODY GIBSON,2025-05-08,Southwest Baptist University,
TRISTAN MILLS,2025-05-08,Southeastern Oklahoma State University,
KIRK ORTEGA II,2025-05-08,University of Tampa,
GRIFFIN ROWE,2025-05-08,University of South Carolina Aiken,
COLE EVILSIZOR,2025-05-08,University of South Carolina Aiken,
BRAIDEN EAGEN,2025-05-08,Newberry College,
PIERCE JUHAN,2025-05-08,Flagler College,
LUKE DADDONA,2025-05-08,Flagler College,
BENJAMIN GREEN,2025-05-08,Palm Beach Atlantic University,
BRYSON BROWN,2025-05-08,West Virginia State University,
JACOB REEVES,2025-05-08,Flagler College,
ANTHONY CRUDO,2025-05-08,Barton College,
BRYSON SMITH,2025-05-08,West Virginia State University,
CARSON MOLINAROLI,2025-05-10,Anderson University (South Carolina),
SAMUEL STOWE,2025-05-08,Newberry College,
LANDON NUNEZ,2025-05-08,Newberry College,
GUNNAR KOZLOWITZ,2025-05-09,Minot State University,
JACKSON PRESLEY,2025-05-08,East Central University,
KEVIN COX,2025-05-08,University of South Carolina Aiken,
CRISTIAN HERNANDEZ,2025-05-08,Northeastern State University,
RAMSEY MORRIS,2025-05-08,Northwestern Oklahoma State University,
NICHOLAS GALEAZZI,2025-05-08,Assumption University,
BROOKS MCDONNOUGH,2025-05-08,Trevecca Nazarene University,
GAVIN JACOBS,2025-05-08,Ouachita Baptist University,
RYAN SEYMOUR,2025-05-08,Shorter University,
JAMES FORDHAM,2025-05-08,Georgia Southwestern State University,
ZACHARY BRAIG,2025-05-08,Chestnut Hill College,
MATTHEW MORENO,2025-05-09,Barry University,
CONNOR WILLIS,2025-05-08,Northwestern Oklahoma State University,
TRISTAN PURSER,2025-05-08,University of Mount Olive,
MORGEN BILLOTTE,2025-05-09,Lock Haven University of Pennsylvania,
JUSTIN FEISTEIN,2025-05-08,Franklin Pierce University,
MYLES MCDERMOTT,2025-05-08,Northwestern Oklahoma State University,
ANTHONY GAMBOA JR,2025-05-08,Christian Brothers University,
ELIJAH BATISTA,2025-05-09,West Texas A&M University,
ERICKSON MATOS,2025-05-08,Edward Waters University,
JACOB BODKIN,2025-05-08,University of South Carolina Aiken,
CHANCE TURNER,2025-05-08,University of Mount Olive,
DAVID BRABB,2025-05-08,"University of Colorado, Colorado Springs",
FRANK AMBROSIO IV,2025-05-08,Lock Haven University of Pennsylvania,
CHRISTOPHER ORTIZ,2025-05-08,Sonoma State University,
DOMINIC TELLEZ,2025-05-08,Southwest Baptist University,
WILLIAM TARPLEY,2025-05-14,University of Alabama in Huntsville,
JOHN PETERSON,2025-05-08,Newberry College,
MARIO GARCIA,2025-05-08,Texas A&M International University,
PEDRO MORENO,2025-05-13,Valdosta State University,
KENDAL SPENCER,2025-05-08,Savannah State University,
CALEB ROOFE,2025-05-08,Bluefield State University,
CAELAN PHILLIPS,2025-05-08,Holy Family University,
KEAGAN BROWN,2025-05-08,Coker University,
JOSUE CUETO,2025-05-09,Bloomfield College,
DIMITRI SPATHARAKIS,2025-05-08,Roosevelt University,
LOCHLAN STOUDT,2025-05-08,Northwood University,
JOSHUA AYALA,2025-05-08,West Virginia Wesleyan College,
ANGEL RIVERA,2025-05-09,West Virginia Wesleyan College,
ENRIQUE BARRAZA,2025-05-08,Spring Hill College,
MILES JUSTIN,2025-05-09,Spring Hill College,
MATTHEW MANUEL,2025-05-08,Georgia Southwestern State University,
STEVEN DIAZ,2025-05-08,Franklin Pierce University,
WILLIAM MORRIS,2025-05-09,D'Youville University,
ADAM OCH,2025-05-08,West Liberty University,
SCOTTSON PACOT,2025-05-07,Ouachita Baptist University,
NOAH LANE,2025-05-07,University of Hawaii at Hilo,
LUIS VALERO,2025-05-07,Edward Waters University,
AIDEN PAYNE,2025-05-07,Georgia College,
CHARLES BANKS,2025-05-08,Georgia College,
WILLIAM JOENS,2025-05-08,University of Montevallo,
JOEL GAITAN,2025-05-07,"California State University, Dominguez Hills",
AUSTIN WILLIAMSON,2025-05-08,Augusta University,
HUNTER THOMAS,2025-05-08,Concord University,
HUNTER GRESSEL,2025-05-07,Spring Hill College,
JACOB FIX,2025-05-08,Shepherd University,
BRADEN LOWE,2025-05-07,University of Hawaii at Hilo,
SCOTT ALLAN,2025-05-07,Newman University,
LANCE ELSEN,2025-05-07,Newman University,
NOAH GUTIERREZ,2025-05-07,Minot State University,
KADEN DOAN,2025-05-07,Missouri Western State University,
TRENTON TAYLOR,2025-05-08,Glenville State University,
JAYLON MCGEE,2025-05-08,Southwest Baptist University,
ETHAN STRONG,2025-05-07,McKendree University,
LUC NIVAUD,2025-05-07,Franklin Pierce University,
WILLIAM ANDERS,2025-05-07,Mars Hill University,
ELIJAH ROBERTS,2025-05-13,Flagler College,
CARLOS SINGLETON,2025-05-08,Augusta University,
SIMON ALUKO,2025-05-07,Shorter University,
ZACHARY BRENNAN,2025-05-07,Fairmont State University,
LAWRENCE LUBCHUK,2025-05-07,Bemidji State University,
CHRISTOPHER LUBCHUK,2025-05-08,Bemidji State University,
BROCK MATTESON,2025-05-07,Holy Family University,
NOAH BLYTHE,2025-05-08,Hawaii Pacific University,
JACKSON BROOKS,2025-05-07,"California State University, Stanislaus",
ISAAC THORNTON,2025-05-07,Southern Arkansas University,
CALIN MCKNIGHT,2025-05-14,"Pennsylvania Western University, Clarion",
LUKE NAJERA,2025-05-07,Ouachita Baptist University,
BRYAN PINA,2025-05-07,Georgia Southwestern State University,
JORDAN RODRIGUEZ,2025-05-07,Eastern New Mexico University,
WILLIAM TITUS,2025-05-07,Ouachita Baptist University,
COLIN WHITED,2025-05-12,Southwest Baptist University,
SAMUEL PETERSON,2025-05-07,Southwest Baptist University,
JACOB PAUL,2025-05-07,Sonoma State University,
BEN SAITZ,2025-05-07,Sonoma State University,
TREY TRIAS,2025-05-07,Sonoma State University,
MIRQUIS ERAZO,2025-05-08,Bloomfield College,
KODY COLLINS,2025-05-07,Emmanuel University (Georgia),
COLE GRADY,2025-05-08,Glenville State University,
ROBERT LANDGRAF,2025-05-07,Newman University,
CONNOR COYAN,2025-05-07,Walsh University,
KALEB HENRY,2025-05-07,Georgia Southwestern State University,
JOSHUA WILSON,2025-05-07,Bloomsburg University of Pennsylvania,
LUKE BARCH,2025-05-08,Augusta University,
ANTHONY TELLEZ,2025-05-07,Menlo College,
RAMONE VALENZUELA,2025-05-14,Menlo College,
MATTHEW ZARRIELLO,2025-05-07,Menlo College,
JON HOWARD,2025-05-06,University of Mount Olive,
KYZER SMITH,2025-05-06,Ouachita Baptist University,
WILLIAM SEEGER,2025-05-06,"University of Arkansas, Fort Smith",
MATTHEW LORENCZ,2025-05-06,Lubbock Christian University,
KAI ST. GERMAINE,2025-05-07,Spring Hill College,
ALEX LAUREANO,2025-05-06,Biola University,
AIDAN LEMASTERS,2025-05-06,Ouachita Baptist University,
PIERSON GUNNELL,2025-05-06,Newman University,
LOGAN BRADISH,2025-05-07,Davis & Elkins College,
GIO DE GRAAUW,2025-05-07,Newman University,
GRAYSON HOPKINS,2025-05-07,Augusta University,
JOSEPH FAZZONE,2025-05-06,Gannon University,
AUSTIN ARMSTRONG,2025-05-08,University of Mary,
DEVIN BELL,2025-05-06,Western Oregon University,
SAMARI ROBINSON,2025-05-06,Chowan University,
ANDREW RODRIGUEZ,2025-05-06,New Mexico Highlands University,
LUKE KINZER,2025-05-06,Trevecca Nazarene University,
ROBERT DIBRELL,2025-05-06,University of Central Oklahoma,
JACK EDNER,2025-05-14,"Pennsylvania Western University, Clarion",
CADE STUART,2025-05-06,Fresno Pacific University,
RYAN BUSCHMANN,2025-05-06,McKendree University,
LUKE LIPTAK,2025-05-14,"Pennsylvania Western University, Clarion",
CHANSEN COLE,2025-05-06,Newberry College,
LOGAN IRVIN,2025-05-14,"Pennsylvania Western University, Clarion",
CHRISTIAN PELUSO,2025-05-06,Chestnut Hill College,
DYLAN WHITMIRE,2025-05-06,The University of Virginia's College at Wise,
DEVIN KULAS,2025-05-06,Franklin Pierce University,
GAVIN ZOELLER,2025-05-07,Augusta University,
JAYDEN HELMICK,2025-05-07,Glenville State University,
DANIEL BOYER,2025-05-06,Upper Iowa University,
GARRETT WRIGHT,2025-05-07,Augusta University,
CHASE PAIR,2025-05-06,"University of Arkansas, Fort Smith",
ANTONIO SWADER,2025-05-06,Spring Hill College,
EVAN OTTE,2025-05-06,Westmont College,
BRAEDEN COCHRAN,2025-05-06,Georgia Southwestern State University,
CORBIN WRIGHT,2025-05-06,Coker University,
HENRY ZIMMERMANN,2025-05-06,Winona State University,
KYLE STOCK,2025-05-06,Coker University,
PATRICK FOULIS,2025-05-06,Assumption University,
GARRETT KLEIN,2025-05-06,Henderson State University,
TYLER MCEVOY,2025-05-06,Westmont College,
DYLAN IMMEL,2025-05-06,University of Sioux Falls,
MICHAEL BURNLEY,2025-05-06,Shepherd University,
GEORGE KYRIAKOPOULOS,2025-05-06,Felician University,
ALEX HARTNETT,2025-05-06,Saint Martin's University,
TAI PHETLUANGSY,2025-05-07,West Texas A&M University,
SAMUEL FORMUS,2025-05-06,Cedarville University,
SKILER JACKSON,2025-05-06,Coker University,
MATTHIAS TRONDSON,2025-05-06,Eastern New Mexico University,
JEANCARLOS MEDINA,2025-05-06,Edward Waters University,
HUNTER MACLEOD,2025-05-06,University of Alabama in Huntsville,
ERIK RHODES,2025-05-07,"University of Pittsburgh, Johnstown",
GAEL BERNAL,2025-05-06,New Mexico Highlands University,
STEVEN TRONE,2025-05-06,Palm Beach Atlantic University,
OLIVER LEONARD,2025-05-07,Shepherd University,
JACKSON ADAM,2025-05-06,Missouri Western State University,
CARLOS CHAVEZ,2025-05-06,New Mexico Highlands University,
LOGAN MYERS,2025-05-06,Missouri Western State University,
KARSON GREEN,2025-05-06,Missouri Western State University,
CALEB SCHAEFFER,2025-05-06,"California State University, East Bay",
GRIFFIN TAMUCCI,2025-05-07,Augusta University,
MASON COOK,2025-05-05,University of Hawaii at Hilo,
MAC ZAWISTOSKI,2025-05-05,Chaminade University,
JOSHUA STEWART,2025-05-07,Columbus State University,
MICHAEL MANGANIELLO,2025-05-05,St. Thomas Aquinas College,
KOOPER HOUVOURAS,2025-05-05,Chaminade University,
CLAY PORTER,2025-05-06,"California State Polytechnic University, Pomona",
TYLER GRAY,2025-05-05,University of Central Oklahoma,
KYLE CORTNER,2025-05-06,McKendree University,
BRAYLEN ELZY,2025-05-05,New Mexico Highlands University,
MICAH MARQUEZ,2025-05-05,Jessup University ,
AIDAN LENZEN,2025-05-09,Florida Institute of Technology,
BENJAMIN ADDISON,2025-05-05,Albany State University (Georgia),
NICHOLAS GIOIA,2025-05-05,Benedict College,
ZACHARY DELLERMAN,2025-05-05,Wheeling University,
BRYCE HUMPHREY,2025-05-05,McKendree University,
IAN SEGNA,2025-05-05,"Concordia University, St. Paul",
CORBIN DICKENSON,2025-05-05,King University,
JUSTIN TURCOVSKI,2025-05-07,"University of Pittsburgh, Johnstown",
LUKE LEA,2025-05-07,"University of Pittsburgh, Johnstown",
DEVON BOYLES,2025-05-07,"University of Pittsburgh, Johnstown",
BROCK ELLIOTT,2025-05-05,Wheeling University,
COOPER CASTEEL,2025-05-14,Lee University,
ANDREW GRAHAM,2025-05-05,Metropolitan State University of Denver,
CADE LACY,2025-05-06,Wheeling University,
DAVIS WAGNER,2025-05-06,Augusta University,
KEEGAN MCGRAW,2025-05-05,Lock Haven University of Pennsylvania,
MIGUEL CORREA JR,2025-05-13,Thomas More University,
PHOENIX SOMMAY,2025-05-05,"California State University, San Marcos",
JORDAN ALLEN,2025-05-05,Henderson State University,
AKHIL NIMMALA,2025-05-09,Florida Institute of Technology,
BRADEN MOON,2025-05-06,Florida Institute of Technology,
NOAH MADOLE,2025-05-05,Vanguard University ,
CHASE GILLIGAN,2025-05-09,Florida Institute of Technology,
MICHAEL O'NEILL,2025-05-05,Lane College,
ISAAC SAMANO,2025-05-05,Christian Brothers University,
EASTON STECK,2025-05-06,University of Illinois Springfield,
JACKSON UGGLA,2025-05-05,Lenoir-Rhyne University,
KYLE DUCKWALL,2025-05-06,Augusta University,
ROBERT HUNT,2025-05-06,Augusta University,
MATTHEW RAO,2025-05-06,Bloomfield College,
DIVINE VALLE,2025-05-06,Shorter University,
DANIEL QUINTANA,2025-05-09,Shepherd University,
ZACORION BARKLEY,2025-05-05,Shorter University,
MARSHALL FLOWERS,2025-05-06,Augusta University,
LADORIAN JORDAN,2025-05-05,Shorter University,
BLYTHE KEISLER,2025-05-06,Augusta University,
COLE TAYLOR,2025-05-05,Shorter University,
WYATT GETZ,2025-05-05,Shorter University,
DANIEL POWELL,2025-05-05,Bluefield State University,
GRANT LINDHOLM,2025-05-05,"University of Minnesota, Crookston",
RUDOLPH RODRIGUEZ,2025-05-05,Jessup University ,
EDWARD PEINE,2025-05-05,Northern State University,
JAYDEN JONES,2025-05-05,Benedict College,
AARON MORALES,2025-05-05,Sul Ross State University,
GAVIN SCHIEFFER,2025-05-05,Truman State University,
PRESLEY WALKER,2025-05-05,University of Alabama in Huntsville,
GIOVANNI GASTELUM,2025-05-05,The University of Texas Permian Basin,
MATTHEW ARNOLD,2025-05-05,Maryville University of Saint Louis,
MICHAEL NORTON,2025-05-05,Wheeling University,
ETHAN RALPH,2025-05-05,The University of Texas Permian Basin,
STEVEN MERKEL,2025-05-06,Wheeling University,
HUNTER SMITH,2025-05-05,Southwestern Oklahoma State University,
SETH CROWE,2025-05-05,Shorter University,
SHANE WILLIAMS,2025-05-05,Benedict College,
RI'SHON PEARL,2025-05-05,Benedict College,
JONATHAN FERNANDEZ-ANDREW,2025-05-05,Georgia Southwestern State University,
NOAH SIMPSON,2025-05-04,Chowan University,
GREG CRISTINO,2025-05-04,Bloomsburg University of Pennsylvania,
CARSON HERVEY,2025-05-04,Chowan University,
NICOLAS CATALDO,2025-05-04,Chowan University,
MATTHEW LOVITT,2025-05-04,Chowan University,
ROWAN HUDSON,2025-05-04,Chowan University,
JOSHUA WISE,2025-05-04,Chowan University,
JUSTIN KLAYMAN,2025-05-04,St. Thomas Aquinas College,
JAMES KAHN,2025-05-04,St. Thomas Aquinas College,
SEBASTIAN LOCURTO,2025-05-04,St. Thomas Aquinas College,
ANTHONY HOLTJE,2025-05-04,St. Thomas Aquinas College,
BRADEN SEEBER,2025-05-04,St. Thomas Aquinas College,
CHRISTOPHER CUMBO,2025-05-05,St. Thomas Aquinas College,
KYLE ROGERS,2025-05-04,St. Thomas Aquinas College,
WILLIAM MITCHELL,2025-05-13,University of South Carolina Beaufort,
DANIEL KOPPISCH,2025-05-04,Bloomsburg University of Pennsylvania,
DAVID HOWARD,2025-05-02,Sonoma State University,
RODNEY DE JESUS,2025-05-02,Miles College,
EVAN KIRK,2025-05-03,University of Montevallo,
AUSTIN WATSON,2025-05-02,Fresno Pacific University,
JACOB MANTIPLY,2025-05-02,Chaminade University,
ERIC ARREOLA,2025-05-03,Lubbock Christian University,
MIGUEL BURGOS,2025-05-03,Bloomfield College,
JUAN ROMERO,2025-05-03,Bloomfield College,
WILLIAM SMITH,2025-05-02,Holy Family University,
MATTHEW CALLAGHAN,2025-05-13,St. Thomas Aquinas College,
BRIAN KLUMPP,2025-05-02,St. Thomas Aquinas College,
RYAN HURSHE,2025-05-02,Tiffin University,
DOMINIC OTTONE,2025-05-03,Columbus State University,
BENEN FERNANDEZ,2025-05-02,Miles College,
AIDAN BECKER,2025-05-02,Sul Ross State University,
MASON TACKETT,2025-05-06,Ashland University,
ELIAN ESTRELLA RICOURT,2025-05-03,Bloomfield College,
TAYLOR MCDANIEL,2025-05-02,The University of Texas Permian Basin,
OWEN SWANSON,2025-05-02,"University of Minnesota, Crookston",
HAYDEN ZAFFINO,2025-05-02,"Pennsylvania Western University, California",
DOMINIC OTT,2025-05-02,Jessup University ,
ADRIAN GUERRERO,2025-05-02,University of Texas at Dallas,
ANDRES VARAS,2025-05-03,Bloomfield College,
ANDREW REED,2025-05-02,Christian Brothers University,
DAKOTA JOGGERST,2025-05-02,Truman State University,
LAWSON RYAN,2025-05-02,Christian Brothers University,
HANSEN HUTH,2025-05-02,Ashland University,
DANNY SIMMONS,2025-05-01,Lincoln Memorial University,
AUSTIN EPPERSON,2025-05-01,Lincoln Memorial University,
GABE CLYDEN,2025-05-01,Cameron University,
JAYLON WOODLEY,2025-05-01,King University,
PATRICK CORLEY,2025-05-01,King University,
NATHAN BORCHARDT,2025-05-01,King University,
ALEX MAUSHART,2025-05-08,University of Mary,
ELI POTTER,2025-05-01,Christian Brothers University,
CEDRIC POELLNITZ,2025-05-01,Kentucky State University,
KAILER SAUNDERS,2025-05-01,Northwest Nazarene University,
MICHAEL FELUMERO,2025-05-02,Bloomfield College,
REID LISLE,2025-05-01,Eckerd College,
JALEN SMITH,2025-05-01,Christian Brothers University,
JESSE LANCE,2025-05-01,Georgian Court University,
SCOTT ENNIST,2025-05-01,Chestnut Hill College,
TAVEN HATHAWAY,2025-05-01,The University of Texas Permian Basin,
CARTER OHLEEN,2025-05-01,Northern State University,
GARRET BARTO,2025-05-01,Sonoma State University,
NICHOLAS MEYER,2025-05-01,Oklahoma Baptist University,
JOSEPH KLINE,2025-05-02,Bloomfield College,
FRANNY MEDINA,2025-05-02,Bloomfield College,
JONATHAN WESTBAY,2025-05-01,Erskine College,
DANELLE DANIELS,2025-05-01,"California State University, East Bay",
CARTER WHITE,2025-04-30,Lincoln Memorial University,
CHRISTIAN PENCEK,2025-04-30,Lincoln Memorial University,
HAWK HILL,2025-04-30,Sonoma State University,
ROBERT BLACKMON,2025-04-30,Erskine College,
TUCKER GIDEON,2025-04-30,Eastern New Mexico University,
VINCENZO BRUNO,2025-04-30,University of Bridgeport,
SCOTT WILLIAMS,2025-05-01,Tuskegee University,
DANIEL HURST,2025-04-30,Colorado Christian University,
HUDSON CEPPARULO,2025-05-08,Union University,
JACK LONNEMAN,2025-04-30,Tiffin University,
CHASE BARSOTTI,2025-04-30,Menlo College,
KEENAN SHAW,2025-04-30,Menlo College,
REID JACOB,2025-04-30,Southern Nazarene University,
JOSEPH CHILDERS,2025-05-13,Anderson University (South Carolina),
ISAAC ABALO,2025-04-30,Mars Hill University,
"JASON COLLINS, JR.",2025-05-01,Barry University,
THOMAS GARDNER,2025-04-30,Mars Hill University,
GEORGE BOLLIBON,2025-04-30,Mars Hill University,
DEIONDRE SEIGLA,2025-04-30,Mars Hill University,
JOSHUA HUNGLER,2025-04-30,Erskine College,
ROMAN EDWARDS,2025-04-30,Erskine College,
JACKSON JONES,2025-04-30,Mars Hill University,
JAMES KELLY,2025-04-30,Mars Hill University,
LUKE IVANOFF,2025-04-30,Sonoma State University,
ROMAN CONNOLLY,2025-04-30,Eastern New Mexico University,
HERMAN LUNA,2025-04-30,Sonoma State University,
WALKER FOX,2025-04-30,Mars Hill University,
ANTHONY GAGLIARDO,2025-04-30,Dominican University New York,
BERNARD CORONADO,2025-05-01,Bloomfield College,
GAVIN RAAB,2025-04-30,Mars Hill University,
VINCENT ARMELLINO,2025-04-30,Saint Michael's College,
JACKSON WEBSTER,2025-05-01,University of Montevallo,
FRANK SCERRA,2025-05-01,Bloomfield College,
DANIEL DINORCIA,2025-04-30,Georgia Southwestern State University,
AUSTIN DELGADO,2025-05-01,D'Youville University,
CHRISTIAN MAIGE,2025-04-30,Erskine College,
CARSON WEATHERS,2025-05-10,University of South Carolina Beaufort,
TREVOR STROSNIDER II,2025-04-29,Emory & Henry University,
JOSE SALCEDO,2025-04-29,The University of Texas Permian Basin,
DYLAN SHEA,2025-04-29,Eastern New Mexico University,
DREW ANDREWS,2025-04-29,Jessup University ,
NOAH SOUZA,2025-04-29,Sonoma State University,
FRAYNER CHAVEZ,2025-04-29,Lubbock Christian University,
JAYCE BASER,2025-04-29,Southwest Baptist University,
BANKS ARNOLD,2025-05-13,Anderson University (South Carolina),
COREY WOOD,2025-04-30,University of Montevallo,
WILLIAM SLOAN,2025-04-30,University of Montevallo,
LUKE HIGGINS,2025-04-29,"California State University, San Marcos",
ERICH RADZINSKI,2025-04-30,University of Montevallo,
MITT LANDERS,2025-04-30,University of Montevallo,
KADEN HEATHERLY,2025-04-30,University of Montevallo,
JAYLEN MORGAN,2025-04-30,Southern Wesleyan University,
LUKE LENSING,2025-04-29,Cameron University,
VINCENT LENCIONI,2025-04-29,Sonoma State University,
ANDREW GONZALEZ,2025-04-29,Thomas Jefferson University,
MICHAEL CLARKSON,2025-05-13,Anderson University (South Carolina),
JOSHUA SCHLEICHARDT,2025-04-29,Vanguard University ,
NOAH TOFAN,2025-04-29,Sul Ross State University,
MICAH HILL,2025-04-29,The University of Virginia's College at Wise,
CAMERON THROWER,2025-04-29,Southern Arkansas University,
COLLINS ST. AMANT,2025-04-29,Colorado School of Mines,
NATHAN SAAVEDRA,2025-04-29,Albany State University (Georgia),
MASON MCDONALD,2025-04-29,Salem University (West Virginia),
BENITO NAZARIO,2025-04-28,Chaminade University,
SKYLAR LENIHAN,2025-04-28,Chaminade University,
HUNTER HITT,2025-04-28,Cameron University,
BEAU YASUI,2025-04-28,Jessup University ,
AIDAN DUGGAN,2025-04-28,Cameron University,
JOSHUA SHAVER,2025-04-28,Southern Wesleyan University,
ASHER PETERMAN,2025-04-28,Emory & Henry University,
JACOB IVERSON,2025-04-29,Emory & Henry University,
STEVEN SMITH,2025-04-28,Emory & Henry University,
AARON GOUWENS,2025-04-28,Roosevelt University,
LEVI MEDFORD,2025-04-28,King University,
ETHAN COHEN,2025-04-28,West Virginia State University,
GAGE MCANALLY,2025-04-28,Sul Ross State University,
WILLIAM SOMERS,2025-04-28,Point Park University,
KALEB ROBERTS,2025-04-28,Cameron University,
GRIFFIN PICKHARDT,2025-04-28,Southern Wesleyan University,
HAYDEN WOODWARD,2025-04-28,University of Findlay,
KEEGAN CUBBISON,2025-04-28,University of Findlay,
KAEL POLAND,2025-04-28,University of Findlay,
COOPER WEATHERLY,2025-04-28,Cameron University,
ZANE ROOS,2025-04-28,Cameron University,
COREY MULHOLLAND,2025-04-28,Dominican University New York,
GABRIEL TAPIA,2025-04-28,Sonoma State University,
KEITH DURAND JR,2025-04-28,Edward Waters University,
CODY HILL,2025-04-28,Cameron University,
JORDAN JACKSON,2025-04-28,Claflin University,
NICK POSS,2025-04-28,Jessup University ,
BRADY BELFUS,2025-04-28,St. Thomas Aquinas College,
BRIAN O'CONNELL III,2025-04-28,University of Tampa,
JAKE HILL,2025-04-28,Flagler College,
CALEB SMITH,2025-04-28,Mars Hill University,
BLAKE RUSSELL,2025-04-28,Mars Hill University,
QUENTIN GRAVES,2025-04-28,Mars Hill University,
BLAKE HOLSHOUSER,2025-04-28,Erskine College,
WILLIAM SNELSON,2025-05-08,Union University,
DARIUS DAVIS,2025-04-28,Barton College,
CLAYTON HARGUS,2025-04-28,Erskine College,
ROBERT HARTMAN,2025-04-28,University of Charleston (West Virginia),
XAVIER CRISMOND,2025-04-28,University of Charleston (West Virginia),
MALACHI JEFFRIES,2025-04-28,Shorter University,
JAXON SANCHEZ,2025-04-28,Tiffin University,
JOSHUA MARTINEZ,2025-04-27,Cameron University,
VICTOR MUNOZ,2025-04-27,Cameron University,
JUSTIN JOHNSON,2025-04-27,Limestone University,
ETHAN IPOCK,2025-04-27,Limestone University,
TRAVIS CHESTNUT,2025-04-26,St. Edward's University,
JACK GRANT,2025-04-25,Jessup University ,
LANDON KIEFER,2025-04-25,Albany State University (Georgia),
PAYTON WEHNER,2025-04-25,McKendree University,
DIEGO GONZALEZ,2025-04-25,Northern State University,
AIDAN STEWART,2025-04-25,Lander University,
NOLAN MOORE,2025-04-25,University of Charleston (West Virginia),
ALEC MENDOZA,2025-04-25,University of Charleston (West Virginia),
GERCAL REYES ALVARADO,2025-04-24,Albany State University (Georgia),
TODD LITTLE,2025-04-24,Albany State University (Georgia),
ANDREW MCBRIDE,2025-04-24,Albany State University (Georgia),
ANGEL FACIO,2025-04-24,New Mexico Highlands University,
GARRETT TEUNISSEN,2025-04-24,"California State University, San Marcos",
ZACHARY VASCONCELLOS,2025-04-30,Barry University,
EVAN MOYER,2025-04-24,Sonoma State University,
TUCKER MCSWAIN,2025-04-24,Limestone University,
DANIEL PRUITT,2025-04-25,Eastern New Mexico University,
CARSON MOORE,2025-04-24,Barton College,
EDWARD MATEO,2025-04-24,Point Park University,
TANNER CALLAHAN,2025-04-24,"University of Arkansas, Fort Smith",
ALEXANDER CLARK,2025-04-24,Quincy University,
DAVID BREAKELL,2025-04-24,Saint Michael's College,
BRANDON BREAKELL,2025-04-24,Saint Michael's College,
COLTON EGGERDING,2025-04-24,Truman State University,
MAX SHABESTARI,2025-04-23,Sonoma State University,
AIDEN BRUNNER,2025-04-23,University of Charleston (West Virginia),
KAYDE IRANON,2025-04-23,Jessup University ,
RYAN STONE,2025-04-23,Jessup University ,
SHEA BOWEN,2025-05-13,Lubbock Christian University,
TRAVIS FARRELL,2025-04-23,Colorado State University Pueblo,
AODHAN LINEHAN,2025-05-08,University of Mary,
LUCIANO TERILLI,2025-04-25,Eastern New Mexico University,
JOSAIAH ESTRELLA,2025-04-25,Eastern New Mexico University,
RYAN CAROLAN,2025-04-23,Oklahoma Christian University,
ANDY PACHECO,2025-04-23,Emporia State University,
DAVIS STOECKERT,2025-04-23,University of Charleston (West Virginia),
AUSTIN PERANDO,2025-04-23,University of Charleston (West Virginia),
TYLER ARMSTRONG,2025-04-23,University of Charleston (West Virginia),
TYLER PARKS,2025-04-23,University of Charleston (West Virginia),
JOSHUA ORTIZ,2025-04-23,St. Thomas Aquinas College,
DOMINICK CONIGLIO,2025-04-23,St. Thomas Aquinas College,
JOHN MARGOLIES,2025-04-23,St. Thomas Aquinas College,
RYAN KRZEMIENSKI,2025-04-23,St. Thomas Aquinas College,
JONATHAN MEDINA,2025-04-23,Georgia Southwestern State University,
ADRIAN RUBIO,2025-04-23,Eastern New Mexico University,
TYLER TAMARGO,2025-04-23,Tusculum University,
JACOB KENT,2025-04-23,Tusculum University,
MICHAEL SARHATT,2025-04-23,Point Loma Nazarene University,
LEVI HALL,2025-04-22,Vanguard University ,
MATTHEW DELPH,2025-05-14,Lee University,
TANNER EVANS,2025-04-22,University of Charleston (West Virginia),
TYSON WILLIS,2025-04-22,University of Charleston (West Virginia),
ROMAN REED,2025-04-22,Thomas Jefferson University,
JOUTHAN SIERRA,2025-04-22,Eastern New Mexico University,
GRIFFIN ALMOND,2025-04-22,Eastern New Mexico University,
JOSEPH AMUNATEGUI,2025-04-22,King University,
PEIGHTON VARGAS,2025-04-22,University of Charleston (West Virginia),
GAVIN WAGNER,2025-04-22,University of Charleston (West Virginia),
WYATT REGINATO,2025-04-21,Colorado State University Pueblo,
JOHN DOWNEY JR.,2025-04-22,Bloomfield College,
VINCENT SANTOSTEFANO,2025-04-21,Francis Marion University,
JOSHUA OCHOA,2025-04-21,"California State University, Stanislaus",
LUCAS BROOKS,2025-04-21,Limestone University,
KHALIL TOLSON,2025-04-21,Limestone University,
LANE WEISMILLER,2025-04-20,University of Charleston (West Virginia),
MATTHEW NEGLIA,2025-04-19,St. Thomas Aquinas College,
TYLER KYTTA,2025-04-19,Limestone University,
WINSTON PARKE,2025-04-19,Limestone University,
MADDOX HATCHER,2025-04-19,Limestone University,
CONNER ELLIOTT,2025-04-19,Limestone University,
JARED ROGERS,2025-04-18,Lander University,
JAKE YOUNG,2025-04-18,Limestone University,
COLT WILKINS,2025-04-18,Limestone University,
JOHN WEISMAN,2025-04-18,Limestone University,
THOMAS VINESETT,2025-04-18,Limestone University,
CARTER VAN ORDEN,2025-04-18,Limestone University,
WYATT STONE,2025-04-18,Limestone University,
EVAN SOEFFKER,2025-04-18,Limestone University,
GIUSEPPE SEIDITA,2025-04-19,Limestone University,
ZACHARY SAXTON,2025-04-18,Limestone University,
THOMAS RUPP,2025-04-18,Limestone University,
NATHANIEL ROLLER,2025-04-18,Limestone University,
JADDEN RODRIGUEZ,2025-04-18,Limestone University,
MADDOX ROBINSON,2025-04-18,Limestone University,
JACKSON RIVERS,2025-04-18,Limestone University,
KEMPER NIX,2025-04-18,Limestone University,
MCKINLEY MYLES,2025-04-18,Limestone University,
"MICHAEL MOISE, JR.",2025-04-18,Limestone University,
PAUL LEE,2025-04-18,Limestone University,
COLE KIRSCHNER,2025-04-18,Limestone University,
RONALD HUMPHRIES,2025-04-18,Limestone University,
TYLER HUGHESMAN,2025-04-18,Limestone University,
BROCK HOLDER,2025-04-18,Limestone University,
HUNTER HOFFMAN,2025-04-18,Limestone University,
COREY HODIERNE,2025-04-18,Limestone University,
KEVIN HEBERT,2025-04-18,Limestone University,
EVAN HAVRELUK,2025-04-18,Limestone University,
SCOTT HARDY,2025-04-18,Limestone University,
ZACHARY GREENBERG,2025-04-18,Limestone University,
COLIN GOLDSMITH,2025-04-18,Limestone University,
AARON GEORGE,2025-04-18,Limestone University,
TREVIN GARNER,2025-04-18,Limestone University,
GARRETT FROST,2025-04-18,Limestone University,
ADAMS FAUCETT,2025-04-18,Limestone University,
BAILEY FAIRCLOTH,2025-04-18,Limestone University,
PERRY DYER,2025-04-18,Limestone University,
CHARLES DUFFY,2025-04-18,Limestone University,
TYLER DEAN,2025-04-18,Limestone University,
JACKSON DAVIS,2025-04-18,Limestone University,
BEN CATRAMBONE,2025-04-18,Limestone University,
ETHAN CARPENTER,2025-04-18,Limestone University,
SKYLER BRAY,2025-04-18,Limestone University,
NICHOLAS BONOLLO,2025-04-18,Limestone University,
EMMETT ADAMS,2025-04-18,Limestone University,
ETHAN BONOCORE,2025-04-18,Limestone University,
JUSTIN FLANNERY,2025-04-17,Menlo College,
OWEN ALSUP,2025-04-18,West Texas A&M University,
BRETT SCHLANGEN,2025-04-17,Southwest Minnesota State University,
MASON HUFFSTICKLER,2025-04-17,Tusculum University,
SCOUT MARTIN,2025-04-17,Tusculum University,
MANUEL MARTINEZ-BETANCES,2025-04-17,Mercy University,
KYLE OLIMPIA,2025-04-17,San Francisco State University,
NICOLAS BACURA,2025-04-16,San Francisco State University,
STEPHEN ESPINOZA,2025-04-16,San Francisco State University,
COLBY RAFAIL,2025-04-16,San Francisco State University,
NATANGEL SANTANA,2025-04-17,Barry University,
SHAWN JACKSON JR,2025-04-17,Bloomfield College,
JACK TAYLOR,2025-04-17,Spring Hill College,
JOHNNY DELAROSA,2025-04-15,Saint Leo University,
JULIAN HINES,2025-04-15,Carson-Newman University,
HARRISON BARNES,2025-04-15,Tuskegee University,
CADEN KRESAK,2025-04-15,Flagler College,
LOGAN HOWLAND,2025-04-15,Belmont Abbey College,
MARC CANCELLIERE JR,2025-04-15,Belmont Abbey College,
BRADEN SELLZ,2025-04-14,Sonoma State University,
DREW PIASKOWY,2025-04-14,Missouri Southern State University,
RYAN THOMPSON,2025-04-15,Concord University,
JOHN UCHYTIL,2025-04-14,Sonoma State University,
MATTHEW PAOLUCCI,2025-04-14,St. Thomas Aquinas College,
BRYCE ANDERSON,2025-04-16,Spring Hill College,
COOPER TYMKO,2025-04-14,Mars Hill University,
HARRY VARGAS SEGURA,2025-05-07,Barry University,
ROSS DIVERS,2025-04-15,Emory & Henry University,
BRIAN CESPEDES,2025-04-12,Bloomfield College,
AUSTIN ZABALA,2025-04-11,Shorter University,
SAWYER PACE,2025-04-11,Tusculum University,
GARRETT GREGORY,2025-04-10,Tusculum University,
MICHAEL RACOBALDO,2025-04-16,Spring Hill College,
GAVIN BAXTER,2025-05-13,Lee University,
KEEDAN NADEAU,2025-04-09,"California State University, San Bernardino",
TYLER OHLSON,2025-04-09,San Francisco State University,
ANTHONY ALVAREZ,2025-04-09,San Francisco State University,
RIVER DIAZ DE LEON,2025-04-09,San Francisco State University,
ISAIAH WELLMAN,2025-04-09,Flagler College,
WILLIAM BURCH,2025-04-09,"University of Arkansas, Fort Smith",
ETHAN RENSHAW,2025-04-09,Erskine College,
RONALD ROBINSON III,2025-04-08,Coker University,
LUCAS SMITH,2025-04-20,Limestone University,
JAMES BRUNO,2025-04-15,Barry University,
MICHAEL PANICHI,2025-04-08,Sonoma State University,
GEORGE WONICA,2025-04-08,Bloomfield College,
COOPER SMITH,2025-04-07,Flagler College,
FELIX DIAZ,2025-04-15,Barry University,
KADEN RUSSO,2025-04-07,"Concordia University, St. Paul",
ALEXANDER DICUS,2025-04-07,Holy Family University,
KENDRY NORIEGA,2025-04-08,Barry University,
CHAN YOON,2025-04-04,Newman University,
BRYCE GOODWINE,2025-04-04,University of Indianapolis,
NICHOLAS STINSON,2025-04-04,University of North Georgia,
ARMANDO MURILLO,2025-04-25,San Francisco State University,
CAMDEN ANDREWS,2025-04-03,San Francisco State University,
XAVIER DELGADO,2025-04-04,Barry University,
LANDON PYLES,2025-04-03,Eastern New Mexico University,
CALEB MULCAHY,2025-05-05,Tusculum University,
SAMUEL SISSON,2025-05-13,Lee University,
ARON HARRINGTON,2025-04-03,Missouri Southern State University,
KYLE ROBITZSCH,2025-04-03,University of North Georgia,
CHANDLER THIEL,2025-04-03,University of North Georgia,
CAMERON CREWS,2025-04-02,Barton College,
NICHOLAS MACKOOL,2025-04-02,Spring Hill College,
JAKE CHAISONGKRAM,2025-04-03,Dominican University New York,
JACK LYNDRUP,2025-04-02,Tusculum University,
ANTHONY COBB,2025-04-02,Tusculum University,
SETH SHERMAN-LOUIS,2025-04-02,Tusculum University,
WILLIAM FULBRIGHT,2025-04-02,King University,
SKYLER SIEVERT,2025-04-01,San Francisco State University,
DOMINICK LOMBARDI,2025-04-01,Sonoma State University,
BRADY ZOPF,2025-04-01,Emmanuel University (Georgia),
JARED ESPARZA,2025-04-01,Sonoma State University,
ELI HANCOCK,2025-04-01,Sonoma State University,
JASON DEL VILLAR,2025-04-01,Sonoma State University,
WESLEY ATHEY,2025-04-02,Davis & Elkins College,
CARSON PEPPERS,2025-04-01,Shorter University,
MIKELLE MASON,2025-03-31,Tuskegee University,
BRANDON HAUK,2025-03-31,St. Thomas Aquinas College,
DEREK FARLEY,2025-03-31,Tusculum University,
AUSTIN DADEY,2025-03-28,Florida Southern College,
CALEB WEBSTER,2025-03-28,Tusculum University,
NICHOLAS PERRY,2025-03-28,Colorado State University Pueblo,
JUAN LOPEZ-TRINIDAD,2025-03-28,Florida Southern College,
ANDREW DEVITT,2025-03-28,Florida Southern College,
PRESTON KELLY,2025-03-27,"California State University, San Marcos",
OMAR CARRERAS,2025-03-27,Tusculum University,
JACOB PRINCE,2025-03-27,University of North Georgia,
OWEN ABRAMS,2025-03-26,Oklahoma Christian University,
MATTHEW HEARD,2025-03-26,University of North Georgia,
MICHAEL BARKMAN,2025-03-26,Tiffin University,
RICKERT KOCH JOHANNSEN,2025-03-25,Eckerd College,
MIKE PALENZUELA,2025-03-25,Barry University,
CARSON ERLEWINE,2025-03-24,Francis Marion University,
JERRIN LOOMIS,2025-03-24,Lock Haven University of Pennsylvania,
RYAN KELLEY,2025-03-24,Limestone University,
MICHAEL CUNNINGHAM,2025-04-25,San Francisco State University,
NICHOLAS ALLRED,2025-03-20,San Francisco State University,
KYLE BRINDISI,2025-03-19,Holy Family University,
DAWSON TURNER,2025-03-19,Saint Leo University,
LUKE EARNHARDT,2025-03-19,University of North Georgia,
HUNTER KAUL,2025-03-18,Biola University,
ALEXANDER HEFTI,2025-03-18,Florida Southern College,
JOSIAH SALEEM,2025-03-18,Kentucky State University,
KENYEN FERGUSON,2025-03-18,Erskine College,
BRANDON MORGAN,2025-03-18,Erskine College,
RYAN TORRES,2025-03-18,Erskine College,
WILLIAM CONRAD IV,2025-03-17,West Chester University of Pennsylvania,
DEREX CANCEL,2025-03-14,Florida Southern College,
KELLER SLOTNICK,2025-03-13,Shorter University,
MICHAEL MORRISON,2025-03-14,Augusta University,
JOHN YANCEY,2025-03-11,Chowan University,
MATTEO KARCIC,2025-03-11,University of Bridgeport,
ZACHARY RUTH,2025-03-20,Post University,
RYAN PEREZ,2025-03-10,St. Edward's University,
ZACHARY ALBURG,2025-03-07,University of Wisconsin-Parkside,
JOSUE CEPEDA,2025-03-08,Bloomfield College,
JACKSON PETERS,2025-03-06,St. Edward's University,
DYLAN EDWARDS,2025-03-03,Western Oregon University,
ETHAN REYES,2025-02-28,Florida Southern College,
JORDAN ORTIZ,2025-03-14,Post University,
VINCENT PROIETTO,2025-02-24,Holy Family University,
AUSTIN NOEL,2025-05-10,The University of Texas Permian Basin,
DAWSON BOCHENEK,2025-02-21,Barton College,
CHARLES DEAN,2025-02-21,Ohio Dominican University,
CHANDLER MAURICE,2025-05-14,"Pennsylvania Western University, Clarion",
JUSTIN LUCAS,2025-02-20,Sonoma State University,
SWAROOP PUJARI,2025-02-19,The University of Texas Permian Basin,
ZACHARY YATES,2025-02-14,Westmont College,
AAREON MONROE,2025-02-13,Chestnut Hill College,
EDWIN BOWMAN IV,2025-02-13,University of North Georgia,
BRYAN PECK,2025-02-12,Westmont College,
DANIEL PATTERSON,2025-02-12,Westmont College,
ELIJAH HENDERSON,2025-02-11,Coker University,
ANDREWS OPATA,2025-04-04,University of North Georgia,
LOGAN STARNES,2025-02-11,Miles College,
JUDSON ARD,2025-05-14,University of North Georgia,
TYLER CRUDO,2025-02-10,Sonoma State University,
KOBE ROLLING,2025-02-10,Sonoma State University,
HUDSON LA BARBERA POIRIER,2025-02-10,Sonoma State University,
DYLAN KOCH,2025-02-10,Pace University,
BRADLEY WHITE,2025-04-11,Eckerd College,
CODY JONES,2025-02-04,University of Indianapolis,
TRE'BION LINDSAY II,2025-02-03,LeMoyne-Owen College,
KAI GIRO,2025-01-31,Belmont Abbey College,
SHANE CALLISON,2025-01-29,Sonoma State University,
CADEN RECTOR,2025-01-29,Chowan University,
ANTHONY ECKERSON,2025-01-28,Holy Family University,
CHARLES CAPRETTA,2025-01-28,Georgia College,
TRE'BION LINDSAY II,2025-01-26,LeMoyne-Owen College,
MIGUEL PEREZ III,2025-01-23,Dominican University New York,
AVERY STRICKLAND,2025-02-19,Newberry College,
CONNOR FOLDS,2025-01-22,Wingate University,
TRAVIS WILSON,2025-01-21,Belmont Abbey College,
JESUS RODRIGUEZ,2025-01-22,Barry University,
CARTER RUST,2025-01-21,University of Charleston (West Virginia),
FREDERICK CHANEY,2025-01-20,Miles College,
TORII CHANEY,2025-01-20,Miles College,
JOSEPH GINN,2025-01-18,Davis & Elkins College,
BRANDON RUIZ,2025-01-16,Biola University,
CHARLES HODGES,2025-01-22,Rollins College,
JACKSON JONES,2025-01-15,Harding University,
MARTIN MALICK JR,2025-01-13,Miles College,
AUSTIN MANCE,2025-01-14,Young Harris College,
SAM LISIAK,2025-01-13,Biola University,
ALBERTO OSUNA SANCHEZ,2025-02-05,University of Tampa,
LINCOLN ASCHER,2025-01-09,University of Central Missouri,
DONTRE' HENRY,2025-01-08,Miles College,
ZACHARY ABBOTT,2025-01-07,Saint Anselm College,
NOAH LOPEZ,2025-01-06,Dominican University New York,
CARY ARBOLIDA,2025-02-11,University of Tampa,
OWEN CANTER,2025-01-03,Walsh University,
ANDREW GEORGE,2025-05-06,Hillsdale College,
LOGAN NAPOLEON,2025-01-08,The University of Virginia's College at Wise,
